{
  "ae2wtlib:recipe/magnet_card": {
    "criteria": {
      "has_wct": "2026-02-07 01:32:45 -0800"
    },
    "done": true
  },
  "supplementaries:recipe/buntings/bunting_lime_2": {
    "criteria": {
      "has_tag_c_strings_1": "2026-02-07 01:58:31 -0800"
    },
    "done": true
  },
  "ae2wtlib:recipe/wireless_universal_terminal/ce": {
    "criteria": {
      "has_wpt": "2026-02-07 01:32:45 -0800",
      "has_wct": "2026-02-07 01:32:45 -0800"
    },
    "done": true
  },
  "ae2wtlib:recipe/wireless_universal_terminal/ca": {
    "criteria": {
      "has_wit": "2026-02-07 01:32:45 -0800",
      "has_wct": "2026-02-07 01:32:45 -0800"
    },
    "done": true
  },
  "mekanism:factory": {
    "criteria": {
      "factory": "2026-02-07 01:55:37 -0800"
    },
    "done": true
  },
  "ae2wtlib:recipe/wireless_universal_terminal/upgrade_pattern_access": {
    "criteria": {
      "has_wit": "2026-02-07 01:32:45 -0800"
    },
    "done": true
  },
  "mega_showdown:mega_showdown/root": {
    "criteria": {
      "root": "2026-02-07 01:32:45 -0800"
    },
    "done": true
  },
  "the_bumblezone:structures/enter_all_structures": {
    "criteria": {
      "in_goliath_honey_fountain": "2026-02-07 01:31:36 -0800",
      "in_mite_fortress": "2026-02-07 01:31:36 -0800"
    },
    "done": false
  },
  "create:root": {
    "criteria": {
      "0": "2026-02-07 01:32:45 -0800"
    },
    "done": true
  },
  "occultism:chalks/root": {
    "criteria": {
      "always": "2026-02-07 01:31:36 -0800"
    },
    "done": true
  },
  "theurgy:book_root": {
    "criteria": {
      "theurgy_present": "2026-02-07 01:31:36 -0800"
    },
    "done": true
  },
  "supplementaries:recipe/bomb": {
    "criteria": {
      "has_tag_c_strings_3": "2026-02-07 01:58:31 -0800"
    },
    "done": true
  },
  "create:copper": {
    "criteria": {
      "0": "2026-02-07 02:31:27 -0800"
    },
    "done": true
  },
  "undergarden:undergarden/root": {
    "criteria": {
      "tick": "2026-02-07 01:31:36 -0800"
    },
    "done": true
  },
  "supplementaries:recipe/buntings/bunting_brown_2": {
    "criteria": {
      "has_tag_c_strings_1": "2026-02-07 01:58:31 -0800"
    },
    "done": true
  },
  "cobblemon:root": {
    "criteria": {
      "picked_starter": "2026-02-07 01:32:45 -0800"
    },
    "done": true
  },
  "supplementaries:recipe/buntings/bunting_white_2": {
    "criteria": {
      "has_tag_c_strings_1": "2026-02-07 01:58:31 -0800"
    },
    "done": true
  },
  "supplementaries:recipe/sus_bricks": {
    "criteria": {
      "has_item_supplementaries_gravel_bricks_1": "2026-02-07 02:12:46 -0800"
    },
    "done": true
  },
  "mekanism:chemical_transport": {
    "criteria": {
      "basic_pressurized_tube": "2026-02-07 02:00:45 -0800"
    },
    "done": true
  },
  "mekanism:root": {
    "criteria": {
      "automatic": "2026-02-07 01:31:36 -0800"
    },
    "done": true
  },
  "supplementaries:recipe/buntings/bunting_blue_2": {
    "criteria": {
      "has_tag_c_strings_1": "2026-02-07 01:58:31 -0800"
    },
    "done": true
  },
  "mekanismgenerators:solar_generator": {
    "criteria": {
      "solar_generator": "2026-02-07 02:15:37 -0800"
    },
    "done": true
  },
  "lootr:root": {
    "criteria": {
      "always_true": "2026-02-07 01:31:36 -0800"
    },
    "done": true
  },
  "supplementaries:recipe/buntings/bunting_magenta_2": {
    "criteria": {
      "has_tag_c_strings_1": "2026-02-07 01:58:31 -0800"
    },
    "done": true
  },
  "supplementaries:recipe/fire_pit": {
    "criteria": {
      "has_tag_c_ingots_copper_2": "2026-02-07 02:31:27 -0800"
    },
    "done": true
  },
  "cobblemon:harvest_apricorn": {
    "criteria": {
      "check_inv": "2026-02-07 01:46:02 -0800"
    },
    "done": true
  },
  "ae2wtlib:recipe/wireless_universal_terminal/ae": {
    "criteria": {
      "has_wit": "2026-02-07 01:32:45 -0800",
      "has_wpt": "2026-02-07 01:32:45 -0800"
    },
    "done": true
  },
  "cobblemonextrastructures:cobblemonextrastructures": {
    "criteria": {
      "picked_starter": "2026-02-07 01:32:45 -0800"
    },
    "done": true
  },
  "supplementaries:recipe/buntings/bunting_pink_2": {
    "criteria": {
      "has_tag_c_strings_1": "2026-02-07 01:58:31 -0800"
    },
    "done": true
  },
  "supplementaries:recipe/slingshot": {
    "criteria": {
      "has_tag_c_strings_3": "2026-02-07 01:58:31 -0800"
    },
    "done": true
  },
  "supplementaries:recipe/buntings/bunting_purple_2": {
    "criteria": {
      "has_tag_c_strings_1": "2026-02-07 01:58:31 -0800"
    },
    "done": true
  },
  "apotheosis:progression/root": {
    "criteria": {
      "tick": "2026-02-07 01:31:36 -0800"
    },
    "done": true
  },
  "supplementaries:recipe/buntings/bunting_light_gray_2": {
    "criteria": {
      "has_tag_c_strings_1": "2026-02-07 01:58:31 -0800"
    },
    "done": true
  },
  "supplementaries:recipe/altimeter": {
    "criteria": {
      "has_tag_c_ingots_copper_1": "2026-02-07 02:31:27 -0800"
    },
    "done": true
  },
  "ae2wtlib:recipe/wireless_pattern_access_terminal": {
    "criteria": {
      "has_wt": "2026-02-07 01:32:45 -0800"
    },
    "done": true
  },
  "supplementaries:recipe/sack": {
    "criteria": {
      "has_tag_c_strings_2": "2026-02-07 01:58:31 -0800"
    },
    "done": true
  },
  "cobblemon:any_plant": {
    "criteria": {
      "check_inv": "2026-02-07 01:46:02 -0800"
    },
    "done": true
  },
  "mekanism:energy_cube": {
    "criteria": {
      "basic_energy_cube": "2026-02-07 01:52:59 -0800"
    },
    "done": true
  },
  "supplementaries:recipe/buntings/bunting_light_blue_2": {
    "criteria": {
      "has_tag_c_strings_1": "2026-02-07 01:58:31 -0800"
    },
    "done": true
  },
  "minecraft:story/lava_bucket": {
    "criteria": {
      "lava_bucket": "2026-02-07 02:31:44 -0800"
    },
    "done": true
  },
  "supplementaries:recipe/sack_3": {
    "criteria": {
      "has_item_minecraft_string_2": "2026-02-07 01:58:31 -0800"
    },
    "done": true
  },
  "ae2wtlib:recipe/wireless_pattern_encoding_terminal": {
    "criteria": {
      "has_wt": "2026-02-07 01:32:45 -0800"
    },
    "done": true
  },
  "ae2wtlib:recipe/wireless_universal_terminal/upgrade_crafting": {
    "criteria": {
      "has_wct": "2026-02-07 01:32:45 -0800"
    },
    "done": true
  },
  "create_enchantment_industry:root": {
    "criteria": {
      "0": "2026-02-07 01:32:45 -0800"
    },
    "done": true
  },
  "mekanism:liquifier": {
    "criteria": {
      "nutritional_liquifier": "2026-02-07 01:57:18 -0800"
    },
    "done": true
  },
  "cobblemon:cook_all_regional_delicacies": {
    "criteria": {
      "smoked_tail_curry": "2026-02-07 02:30:27 -0800"
    },
    "done": false
  },
  "dungeons_arise:wda_root": {
    "criteria": {
      "WDA": "2026-02-07 01:31:36 -0800"
    },
    "done": true
  },
  "supplementaries:recipe/turn_table": {
    "criteria": {
      "has_tag_c_ingots_copper_3": "2026-02-07 02:31:27 -0800"
    },
    "done": true
  },
  "supplementaries:recipe/buntings/bunting_cyan_2": {
    "criteria": {
      "has_tag_c_strings_1": "2026-02-07 01:58:31 -0800"
    },
    "done": true
  },
  "supplementaries:recipe/buntings/bunting_green_2": {
    "criteria": {
      "has_tag_c_strings_1": "2026-02-07 01:58:31 -0800"
    },
    "done": true
  },
  "mekanism:energy_transport": {
    "criteria": {
      "basic_universal_cable": "2026-02-07 01:54:08 -0800"
    },
    "done": true
  },
  "mekanism:sna": {
    "criteria": {
      "solar_neutron_activator": "2026-02-07 01:57:18 -0800"
    },
    "done": true
  },
  "ae2wtlib:recipe/wireless_universal_terminal/upgrade_pattern_encoding": {
    "criteria": {
      "has_wpt": "2026-02-07 01:32:45 -0800"
    },
    "done": true
  },
  "mekanism:pump": {
    "criteria": {
      "electric_pump": "2026-02-07 02:40:33 -0800"
    },
    "done": true
  },
  "ae2wtlib:recipe/quantum_bridge_card": {
    "criteria": {
      "has_wit": "2026-02-07 01:32:45 -0800",
      "has_wpt": "2026-02-07 01:32:45 -0800",
      "has_wct": "2026-02-07 01:32:45 -0800"
    },
    "done": true
  },
  "farmersdelight:main/root": {
    "criteria": {
      "seeds": "2026-02-07 01:32:45 -0800"
    },
    "done": true
  },
  "the_bumblezone:root": {
    "criteria": {
      "instant_granted": "2026-02-07 01:31:36 -0800"
    },
    "done": true
  },
  "supplementaries:recipe/wrench": {
    "criteria": {
      "has_tag_c_ingots_copper_1": "2026-02-07 02:31:27 -0800"
    },
    "done": true
  },
  "minecraft:story/form_obsidian": {
    "criteria": {
      "obsidian": "2026-02-07 02:32:53 -0800"
    },
    "done": true
  },
  "the_bumblezone:wiki": {
    "criteria": {
      "instant_granted": "2026-02-07 01:31:36 -0800"
    },
    "done": true
  },
  "supplementaries:recipe/buntings/bunting_gray_2": {
    "criteria": {
      "has_tag_c_strings_1": "2026-02-07 01:58:31 -0800"
    },
    "done": true
  },
  "supplementaries:recipe/cog_block": {
    "criteria": {
      "has_tag_c_ingots_copper_1": "2026-02-07 02:31:27 -0800"
    },
    "done": true
  },
  "supplementaries:recipe/buntings/bunting_yellow_2": {
    "criteria": {
      "has_tag_c_strings_1": "2026-02-07 01:58:31 -0800"
    },
    "done": true
  },
  "supplementaries:recipe/buntings/bunting_red_2": {
    "criteria": {
      "has_tag_c_strings_1": "2026-02-07 01:58:31 -0800"
    },
    "done": true
  },
  "mekanismgenerators:wind_generator": {
    "criteria": {
      "wind_generator": "2026-02-07 01:49:54 -0800"
    },
    "done": true
  },
  "supplementaries:recipe/spiky_bomb_2": {
    "criteria": {
      "has_tag_c_strings_3": "2026-02-07 01:58:31 -0800"
    },
    "done": true
  },
  "mega_showdown:mega_showdown/tera/change_tera": {
    "criteria": {
      "terra_changer": "2026-02-07 01:46:59 -0800"
    },
    "done": true
  },
  "mekanismgenerators:heat_generator": {
    "criteria": {
      "heat_generator": "2026-02-07 02:15:41 -0800"
    },
    "done": true
  },
  "supplementaries:recipe/buntings/bunting_black_2": {
    "criteria": {
      "has_tag_c_strings_1": "2026-02-07 01:58:31 -0800"
    },
    "done": true
  },
  "cobblemon:craft_poke_ball": {
    "criteria": {
      "requirement": "2026-02-07 01:42:32 -0800"
    },
    "done": true
  },
  "supplementaries:recipe/buntings/bunting_orange_2": {
    "criteria": {
      "has_tag_c_strings_1": "2026-02-07 01:58:31 -0800"
    },
    "done": true
  },
  "betterdungeons:root": {
    "criteria": {
      "always": "2026-02-07 01:31:36 -0800"
    },
    "done": true
  },
  "minecraft:adventure/adventuring_time": {
    "criteria": {
      "minecraft:old_growth_birch_forest": "2026-02-07 01:31:36 -0800",
      "minecraft:old_growth_pine_taiga": "2026-02-07 01:32:51 -0800",
      "minecraft:cherry_grove": "2026-02-07 01:37:40 -0800",
      "minecraft:river": "2026-02-07 01:33:01 -0800"
    },
    "done": false
  },
  "ae2:main/root": {
    "criteria": {
      "copper": "2026-02-07 02:31:27 -0800"
    },
    "done": true
  },
  "supplementaries:recipe/speaker_block": {
    "criteria": {
      "has_item_minecraft_emerald_2": "2026-02-07 02:30:55 -0800"
    },
    "done": true
  },
  "occultism:occultism/root": {
    "criteria": {
      "occultism_present": "2026-02-07 01:31:36 -0800"
    },
    "done": true
  },
  "cobblepedia:grant_cobblepedia": {
    "criteria": {
      "picked_starter": "2026-02-07 01:32:45 -0800"
    },
    "done": true
  },
  "cobblemon:first_evolution": {
    "criteria": {
      "evolve": "2026-02-07 01:44:41 -0800"
    },
    "done": true
  },
  "mekanismgenerators:burn_the_gas": {
    "criteria": {
      "gas_burning_generator": "2026-02-07 02:15:34 -0800"
    },
    "done": true
  },
  "DataVersion": 3955
}