{"stats":{"minecraft:dropped":{"mekanism:basic_pressurized_tube":1,"minecraft:grass_block":1},"minecraft:crafted":{"minecraft:emerald":9,"minecraft:copper_ingot":9},"minecraft:used":{"generatorgalore:enchantment_generator_64x":3,"industrialforegoing:fluid_collector":4,"minecraft:lava_bucket":34,"mekanism:electric_pump":16,"minecraft:flint_and_steel":4,"generatorgalore:diamond_generator_8x":1,"minecraft:grass_block":8,"mekanismgenerators:heat_generator":1,"utilitarian:fluid_hopper":3,"mekanism:ultimate_universal_cable":67,"mekanismgenerators:bio_generator":1,"mekanismgenerators:wind_generator":7,"minecraft:copper_block":5,"mekanism:basic_pressurized_tube":9,"generatorgalore:culinary_generator_64x":1,"mekanism:elite_energy_cube":6,"generatorgalore:emerald_generator_8x":5,"supplementaries:gravel_bricks":12,"mekanism:dynamic_valve":15,"mekanism:ultimate_thermodynamic_conductor":6,"generatorgalore:copper_generator":1,"mekanismgenerators:advanced_solar_generator":5,"supplementaries:bomb_blue":1,"generatorgalore:magmatic_generator_64x":17,"supplementaries:redstone_illuminator":5,"generatorgalore:netherstar_generator_64x":1,"generatorgalore:magmatic_generator":1,"mekanism:ultimate_pressurized_tube":3,"mekanism:solar_neutron_activator":2,"generatorgalore:obsidian_generator_8x":3,"mekanismgenerators:solar_generator":33,"mekanism:ultimate_energy_cube":8,"supplementaries:bomb":4,"mekanism:creative_fluid_tank":8,"utilitarian:lapis_lamp":2,"mekanism:nutritional_liquifier":4,"mekanism:basic_universal_cable":40,"mekanism:basic_smelting_factory":1,"generatorgalore:honey_generator_64x":1,"mekanism:elite_fluid_tank":6,"mekanism:creative_energy_cube":1,"twilightforest:hollow_oak_log":4,"mekanism:ultimate_mechanical_pipe":92},"minecraft:picked_up":{"mekanism:basic_pressurized_tube":1,"minecraft:grass_block":1,"minecraft:string":1,"mekanism:elite_energy_cube":12,"mega_showdown:fire_tera_shard":1},"minecraft:custom":{"cobblemon:evolved":2,"minecraft:time_since_rest":98870,"minecraft:walk_one_cm":138144,"minecraft:drop":2,"minecraft:damage_dealt":10,"cobblemon:battles_total":2,"minecraft:fly_one_cm":184099,"minecraft:crouch_one_cm":1878,"minecraft:play_time":98870,"minecraft:sneak_time":2509,"cobblemon:dex_entries":4,"minecraft:jump":187,"cobblemon:battles_won":2,"minecraft:leave_game":1,"minecraft:walk_on_water_one_cm":1259,"minecraft:time_since_death":98870,"minecraft:total_world_time":101666}},"DataVersion":3955}