{
  "uuid": "52518f45-a65f-4288-91d5-4393ab0f04a3",
  "starterPrompted": true,
  "starterLocked": false,
  "starterSelected": true,
  "starterUUID": "c82a5d67-a2a5-4f56-90f0-2b4cc54ba922",
  "keyItems": [],
  "battleTheme": "cobblemon:battle.pvp.default",
  "extraData": {},
  "advancementData": {
    "totalCaptureCount": 0,
    "totalEggsCollected": 0,
    "totalEggsHatched": 0,
    "totalEvolvedCount": 2,
    "totalBattleVictoryCount": 2,
    "totalPvPBattleVictoryCount": 0,
    "totalPvWBattleVictoryCount": 2,
    "totalPvNBattleVictoryCount": 0,
    "totalShinyCaptureCount": 0,
    "totalTradedCount": 0,
    "totalTypeCaptureCounts": {},
    "totalDefeatedCounts": {
      "cobblemon:scatterbug": 1,
      "cobblemon:yungoos": 1
    },
    "aspectsCollected": {
      "cobblemon:monferno": [
        "male"
      ],
      "cobblemon:infernape": [
        "male"
      ]
    }
  }
}